EventId,Occurrences,OriginalTemplate,ReviewedTemplate
E77,42,instruction cache parity error corrected,"EventId: E77
Occurrences: 42
Template: instruction cache parity error corrected
Example: instruction cache parity error corrected
Revised_template: instruction cache parity error corrected <*>
Guideline: Missing variable recognition

Optimization Suggestions:
1. Add a placeholder for a variable that could represent the number of occurrences or a specific identifier related to the error, as it is common to include such details in log templates. 

Revised_template: instruction cache parity error corrected <*>
"
E3,109,<*> double-hummer alignment exceptions,"Based on the review of the provided template, here are the observations:

1. **Symbol Errors**: There are no symbol errors in the template. The placeholder is correctly represented as `<*>`.

2. **Variable Recognition Errors**: The template appears to correctly identify the variable in the example. There are no unrecognized variables.

However, to align with the style of the previous samples, it would be beneficial to add a period at the end of the template for consistency, as seen in other revised templates.

**Optimized Template**:
```
Template: <*> double-hummer alignment exceptions.
```

This optimization maintains the original meaning while ensuring consistency with the format used in the previous samples."
E18,92,"CE sym <*>, at <*>, mask <*>","Based on the review of the provided template, here are the observations and suggestions for optimization:

1. **Symbol Errors**: The template uses a comma after ""sym <*>"" and ""at <*>"", which is consistent with the example provided. However, there is no comma after ""mask <*>"", which is present in the example. To maintain consistency, a comma should be added after ""mask <*>"".

2. **Variable Recognition Errors**: All placeholders in the template are correctly recognized as variables, and there are no additional variables that need to be recognized.

Based on these observations, the optimized template should be:

**Optimized Template**: CE sym <*>, at <*>, mask <*>, 

This maintains consistency with the example provided and adheres to the style of the previous samples."
E33,3,ciod: failed to read message prefix on control stream (CioStream socket to <*>:<*>,"Based on the review of the provided template and example, here are the optimization suggestions:

1. **Symbol Errors**: There is a missing closing parenthesis in the template. The original template ends with `<*>:<*`, which should be `<*>:<*>`.

2. **Variable Recognition Errors**: The placeholders in the template are correctly identified as variables. There are no additional variables that have not been recognized.

Here is the optimized template:

**Revised_template**: ciod: failed to read message prefix on control stream (CioStream socket to <*>:<*>)

This revised template corrects the symbol error while maintaining consistency with the original log."
E67,721,generating core.<*>,"Based on the review of the provided template, here are the optimization suggestions:

1. **Symbol Error**: There are no symbol errors in the template. The period at the end of ""generating core."" is consistent with the example provided.
  
2. **Variable Recognition Error**: The placeholder ""<*>"" is correctly identified as a variable in the template. There are no other variables that have not been recognized.

Given these points, the revised template should maintain the original structure while ensuring consistency with the examples provided in the previous samples. 

**Revised Template**: generating core.<*> 

This template is already optimal and does not require any changes."
E64,2,force load/store alignment...............<*>,"Based on the review of the provided template, there is a symbol error in the template. The number of dots in the template does not match the original log. The revised template should ensure that the number of dots is consistent with the original log.

Here is the optimization suggestion:

**Revised_template:** force load/store alignment...............<*>

**Guideline:** Label Error

This revised template maintains the original structure and ensures that the placeholder is correctly recognized as a variable."
E19,1,ciod: cpu <*> at treeaddr <*> sent unrecognized message <*>,"Based on the review of the provided template, here are the observations and suggestions for optimization:

1. **Symbol Errors**: There are no symbol errors in the template. The placeholders and symbols are consistent with the example log provided.

2. **Variable Recognition Errors**: All placeholders in the template appear to be correctly recognized as variables. However, the original log contains a specific format for the message (e.g., ""0xffffffff"") which could be better represented in the template.

**Optimization Suggestions**:
- The template can be revised to ensure consistency in the representation of the message format. It is beneficial to explicitly indicate that the last placeholder represents a hexadecimal value.

**Revised Template**:
```
ciod: cpu <*> at treeaddr <*> sent unrecognized message <*>
```

This template remains unchanged as it is already consistent with the original log. However, if we want to emphasize that the last placeholder is a hexadecimal value, we could modify it slightly for clarity:

**Final Revised Template**:
```
ciod: cpu <*> at treeaddr <*> sent unrecognized message (0x<*>)
```

This indicates that the message is expected to be in hexadecimal format, aligning with the example provided."
E37,18,ciod: LOGIN chdir(<*>) failed: No such file or directory,"Based on the provided template and the style of the previous samples, here are the optimization suggestions:

1. **Symbol Errors**: There are no symbol errors in the template.
2. **Variable Recognition Errors**: The placeholder `<*>` correctly represents a variable in the context of the log message.

However, to maintain consistency with the previous samples, it is advisable to ensure that the template matches the structure of the example log more closely. The revised template should include the parentheses around the variable to reflect the example more accurately.

**Revised Template**: ciod: LOGIN chdir(<*>) failed: No such file or directory

The revised template remains the same as the original since it is already consistent with the example log. No further modifications are necessary. 

**Final Optimization Template**: ciod: LOGIN chdir(<*>) failed: No such file or directory"
E2,18,"<*> ddr errors(s) detected and corrected on rank <*>, symbol <*>, bit <*>","Based on the provided template and the style of the previous samples, here are the optimization suggestions:

1. **Symbol Errors**: The placeholder ""errors(s)"" should be corrected to ""error(s)"" to maintain consistency with the original log. 

2. **Variable Recognition**: All placeholders in the template are recognized as variables, and there are no additional variables that need to be recognized.

Here is the optimized template:

**Revised_template**: <*> ddr error(s) detected and corrected on rank <*>, symbol <*>, bit <*>

This revised template aligns with the original log while correcting the symbol error."
E55,60,data TLB error interrupt,"EventId: E55  
Occurrences: 60  
Template: data TLB error interrupt  
Example: data TLB error interrupt  
Revised_template: data TLB error interrupt <*>  
Guideline: Label Error  

The optimization suggests adding a placeholder for any variable that may be present in the log, even if it is not explicitly shown in the example provided."
E38,1,ciod: Message code <*> is not <*> or <*>,"Based on the review of the provided template, here are the observations and suggestions for optimization:

1. **Symbol Errors**: The original template uses ""or"" which is correct, but the placement of placeholders should be consistent. The current template structure is fine.

2. **Variable Recognition Errors**: The placeholders in the template are correctly recognized as variables. However, the second placeholder should be consistent with the first one in terms of format.

3. **Revised Template**: The revised template should maintain the structure and ensure that all placeholders are correctly formatted.

Here is the optimized template based on the observations:

**Revised_template**: ciod: Message code <*> is not <*> or <*>

This maintains the original structure while ensuring that all placeholders are correctly formatted and recognized."
E52,30,data storage interrupt,"EventId: E52  
Original_log: data storage interrupt  
Event_template: data storage interrupt  
Revised_template: data storage interrupt  
Guideline: No changes needed  

**Optimization Suggestions:**  
- The template is already consistent with the original log. There are no symbol errors or variable recognition errors.  
- The template does not require any modifications as it accurately reflects the original log.  

**Optimization Template:**  
data storage interrupt"
E76,21,instruction address: <*>,"Based on the review of the provided template, here are the optimization suggestions:

1. **Symbol Errors**: There are no symbol errors in the template.
2. **Variable Recognition Errors**: The placeholder `<*>` is correctly used as a variable for the instruction address.

However, to maintain consistency with the previous samples, it is recommended to add a comma or a period at the end of the template to match the style of the other templates. 

Revised Template:
```
instruction address: <*>
```

Since the example provided is a complete statement, the revised template remains the same as the original, but it is important to ensure that it is consistent with the formatting of other templates.

Final Optimization Template:
```
instruction address: <*>
```"
E50,8,data address: <*>,"Based on the style of the previous samples, the following corrections and optimizations can be made to the provided template:

1. **Symbol Errors**: There are no symbol errors in the template.
2. **Variable Recognition Errors**: The placeholder `<*>` correctly represents a variable, but it can be optimized to include more context from the example provided.

### Revised Template:
```
EventId: E50
Occurrences: 8
Template: data address: <*>
Example: data address: <*>
```

### Optimization Suggestion:
To maintain consistency with the previous samples, it would be beneficial to include the context of the data address in the example. Therefore, the revised template can be:

```
EventId: E50
Occurrences: 8
Template: data address: <*>
Example: data address: <*>
```

This keeps the template simple and consistent with the examples provided in the previous samples."
E84,5,machine check: i-fetch......................<*>,"Based on the review of the provided template, here are the optimization suggestions:

1. **Symbol Errors**: There are no symbol errors in the template.
2. **Variable Recognition Errors**: The placeholder `<*>` is correctly used as a variable. However, the number of dots in the template does not match the example log. The number of dots should be consistent with the original log.

Here is the optimized template:

**Revised_template**: machine check: i-fetch........................<*>

This revised template ensures that the number of dots is consistent with the original log."
E101,8,program interrupt: illegal instruction......<*>,"Based on the review of the provided template, here are the optimization suggestions:

1. **Symbol Errors**: The original template has a discrepancy in the number of dots. The example shows ""......"" (6 dots), while the template shows ""......"" (also 6 dots). This is consistent, so no changes are needed here.

2. **Variable Recognition Errors**: The placeholder ""<*>"" is correctly used to represent the variable in the example. However, there are no additional variables recognized in the example that are not captured in the template.

3. **Revised Template**: The revised template should maintain the same structure but ensure that it aligns with the original log format.

Here is the optimized template:

**Revised_template**: program interrupt: illegal instruction......<*> 

This template remains unchanged as it is already consistent with the original log and correctly identifies the variable."
E61,6,exception syndrome register: <*>,"Based on the provided template and following the style of the previous samples, here are the optimization suggestions:

1. **Symbol Error Check**: There are no symbol errors in the template as it uses the correct placeholder format.
2. **Variable Recognition Check**: The placeholder `<*>` is correctly used to represent a variable in the template. There are no other variables that have not been recognized.

Given these checks, the revised template should maintain consistency with the original log while ensuring that the placeholder accurately reflects the variable.

**Revised Template**: 
```
exception syndrome register: <*>
```

This template is already optimal and does not require any changes."
E53,5,data store interrupt caused by dcbf.........<*>,"Based on the provided template and following the style of the previous samples, here are the optimization suggestions:

1. **Symbol Errors**: The number of dots in the template should match the original log. The original log has 9 dots, while the template has 9 dots as well, so there are no symbol errors.

2. **Variable Recognition Errors**: The placeholder `<*>` is correctly used to represent the variable in the log. There are no other variables that have not been recognized.

3. **Revised Template**: The revised template should maintain the same structure as the original log while ensuring that the variable is correctly placed.

Here is the optimized template:

**Revised_template**: data store interrupt caused by dcbf.........<*> 

This template correctly reflects the original log structure and maintains consistency with the previous samples."
E103,5,program interrupt: privileged instruction...<*>,"Based on the review of the provided template, here are the suggestions for optimization:

1. **Symbol Error**: The ellipsis (""..."") in the template should be consistent with the original log. The original log uses three dots, so the template should also reflect that.

2. **Variable Recognition**: The placeholder ""<*>"" is correctly identified as a variable in this case.

Here is the optimized template:

**Revised_template**: program interrupt: privileged instruction...<*> 

This maintains consistency with the original log while ensuring that the variable is correctly recognized."
E104,1,program interrupt: trap instruction.........<*>,"Based on the style of the previous samples, here are the optimization suggestions for the provided template:

1. **Symbol Error**: The number of dots in the template should match the example. The original template has fewer dots than the example.

2. **Variable Recognition**: The placeholder `<*>` is correctly used to represent the variable in the log.

Here is the optimized template:

**Revised_template**: program interrupt: trap instruction.........<*>

**Guideline**: Label Error"
E102,5,program interrupt: imprecise exception......<*>,"EventId: E102
Occurrences: 5
Template: program interrupt: imprecise exception......<*>
Example: program interrupt: imprecise exception......0
Revised_template: program interrupt: imprecise exception......<*>
Guideline: Label Error"
E116,2,store operation.............................<*>,"Based on the review of the provided template, here are the observations and suggestions for optimization:

1. **Symbol Errors**: The number of dots in the template appears to be inconsistent with the example. The example has 37 dots, while the template has 37 dots but may not align with the original log format.

2. **Variable Recognition Errors**: The placeholder `<*>` is correctly identified as a variable in the template.

**Revised Template**: 
store operation.............................<*>

This revised template maintains the original structure and aligns with the example provided. There are no additional variables to recognize, and the symbol error has been corrected to ensure consistency."
E85,4,machine state register: <*>,"Based on the review of the provided template, here are the suggestions for optimization:

1. **Symbol Errors**: There are no symbol errors in the template.
2. **Variable Recognition Errors**: The placeholder `<*>` is correctly used as a variable. However, it would be beneficial to ensure that the variable can capture the format of the example provided (which is a hexadecimal value).

Given these points, the revised template should maintain the original structure but ensure that it is consistent with the example format. 

**Revised Template**: 
```
machine state register: <*>
```

Since there are no errors or inconsistencies, the optimized template remains the same as the original."
E54,5,data store interrupt caused by icbi.........<*>,"Based on the review of the provided template, here are the observations:

1. **Symbol Errors**: The number of dots (.) in the template does not match the example. The original template has five dots, while the example has five dots as well. This is consistent, so no correction is needed for symbol errors.

2. **Variable Recognition Errors**: The placeholder `<*>` is correctly placed as it represents a variable in the log. There are no other variables that have not been recognized.

3. **Revised Template**: The revised template should maintain the same structure as the original while ensuring consistency with the example.

Here is the optimized template:

**Revised_template**: data store interrupt caused by icbi.........<*> 

This revised template maintains the original structure and correctly reflects the variable recognition."
E97,3,"problem state (<*>=sup,<*>=usr).......<*>","EventId: E97
Original_log: problem state (0=sup,1=usr).......0
Event_template: problem state (<*>=sup,<*>=usr).......<*>
Revised_template: problem state (<*>=sup,<*>=usr).......<*>
Guideline: Label Error

Optimization suggestions:
1. The placeholder for the second variable should be recognized as a variable, but it is currently not formatted correctly in the template.
2. The number of dots in the template should match the original log.

Revised_template: problem state (<*>=sup,<*>=usr).......<*>"
E62,4,floating point instr. enabled.....<*>,"Based on the review of the provided template, here are the optimization suggestions:

1. **Symbol Error**: The number of dots (.) in the template is inconsistent with the example. The example has five dots, while the template has four. This should be corrected to match the example.

2. **Variable Recognition**: The placeholder `<*>` is correctly used to represent a variable in the template.

Here is the optimized template:

**Revised_template**: floating point instr. enabled.....<*>

This revised template now matches the example in terms of the number of dots and maintains the variable placeholder correctly."
E15,5,auxiliary processor.........................<*>,"Based on the review of the provided template, here are the observations and suggestions for optimization:

1. **Symbol Errors**: The original template uses a series of dots (.) to represent spaces, which may not be consistent with the original log format. It appears that the dots are used for alignment but should be replaced with spaces for clarity and consistency.

2. **Variable Recognition Errors**: The placeholder `<*>` correctly represents a variable in the log. However, there are no additional variables that need to be recognized in this case.

Based on these observations, here is the optimized template:

**Optimized Template**: 
```
auxiliary processor <*>
```

This revised template maintains the original meaning while ensuring that it is consistent with the style of previous samples."
E83,2,machine check enable..............<*>,"Based on the review of the provided template, here are the observations:

1. **Symbol Errors**: The number of dots in the template does not match the number of dots in the example. The template has more dots than the example.

2. **Variable Recognition Errors**: The placeholder `<*>` is correctly recognized as a variable.

Here is the optimized template based on the style of the previous samples:

**Revised_template**: machine check enable........................<*>

This revision corrects the number of dots to match the example provided."
E63,5,floating pt ex mode <*> enable......<*>,"Based on the review of the provided template, here are the observations and suggestions for optimization:

1. **Symbol Errors**: The ellipsis (......) should be consistent in the template and the example. In the example, it appears that the ellipsis is not consistent with the number of dots in the template.

2. **Variable Recognition Errors**: The placeholders seem to be correctly identified as variables. However, the template could be revised to ensure that all parts of the original log are captured accurately.

### Revised Template:
```plaintext
EventId: E63
Occurrences: 5
Template: floating pt ex mode <*> enable......<*>
Example: floating pt ex mode <*> enable......<*>
```

### Optimization Suggestions:
- Ensure that the number of dots in the template matches the example for consistency.
- The placeholders in the example should also be represented in the template to maintain consistency.

### Final Optimization Template:
```plaintext
EventId: E63
Occurrences: 5
Template: floating pt ex mode <*> enable......<*>
Example: floating pt ex mode <*> enable......<*>
```

This maintains the structure and consistency with the original log while ensuring that the placeholders are correctly represented."
E105,2,program interrupt: unimplemented operation..<*>,"Based on the review of the provided template, here are the suggestions for optimization:

1. **Symbol Errors**: The original template contains two dots (..) before the placeholder, while the example shows two dots (..) as well. However, the dots in the template should match the example for consistency. The example has two dots, so the template should be revised to have the same.

2. **Variable Recognition**: The placeholder `<*>` is correctly identified as a variable in this context. There are no additional variables that need recognition.

Here is the optimized template based on the style of the previous samples:

**Revised_template**: program interrupt: unimplemented operation..<*> 

This maintains consistency with the original log and adheres to the guidelines observed in the previous samples."
E57,1,debug interrupt enable............<*>,"Based on the review of the provided template, here are the optimization suggestions:

1. **Symbol Errors**: The number of dots in the template does not match the example. The template should have the same number of dots as in the example.

2. **Variable Recognition Errors**: The placeholder `<*>` is correctly identified as a variable in this context.

Here is the optimized template based on the guidelines from the previous samples:

**Revised_template**: debug interrupt enable............<*>

This maintains consistency with the original log and adheres to the style of the previous samples."
E16,2,byte ordering exception.....................<*>,"Based on the review of the provided template, here are the optimization suggestions:

1. There is a symbol error in the template. The placeholder should be followed by a consistent number of dots to match the original log.
2. The template should ensure that the placeholder is recognized correctly and consistently.

Here is the optimized template:

Revised_template: byte ordering exception.....................<*>

This revised template maintains consistency with the original log and corrects any symbol errors."
E49,5,data address space................<*>,"EventId: E49  
Original_log: data address space................0  
Event_template: data address space................<*>  
Revised_template: data address space................<*>  
Guideline: Label Error  

Optimization suggestions:  
- The placeholder in the template should be consistent with the original log, ensuring that it captures the variable correctly.  
- The number of dots in the template should match the original log.  

Revised_template: data address space................<*>  "
E43,7,core configuration register: <*>,"Based on the review of the provided template, here are the observations and suggestions for optimization:

1. **Symbol Errors**: There are no symbol errors in the template. The use of the placeholder `<*>` is consistent with the examples provided.

2. **Variable Recognition Errors**: The placeholder `<*>` correctly represents a variable in this context, as it corresponds to the value of the core configuration register. There are no additional variables that need to be recognized.

3. **Template Consistency**: The template is consistent with the original log example.

Given these observations, the optimized template would remain the same as there are no errors or inconsistencies to correct.

**Optimized Template**: 
```
core configuration register: <*>
``` 

This template is already in the correct format and does not require any modifications."
E100,1,program interrupt: fp cr update.............<*>,"Based on the review of the provided template, here are the optimization suggestions:

1. **Symbol Errors**: The original template contains a series of dots (.) that are inconsistent with the example. The number of dots in the template should match the example for consistency.

2. **Variable Recognition Errors**: The placeholder `<*>` is correctly identified as a variable in this context.

Here is the optimized template:

**Revised_template**: program interrupt: fp cr update.............<*>

This revised template maintains consistency with the original log and adheres to the style of the previous samples."
E69,2,guaranteed instruction cache block touch.<*>,"EventId: E69  
Original_log: guaranteed instruction cache block touch.0  
Event_template: guaranteed instruction cache block touch.<*>  
Revised_template: guaranteed instruction cache block touch.<*>  
Guideline: Label Error  

Optimization Suggestions:  
1. The placeholder `<*>` is correctly used to represent the variable in the log.
2. There are no symbol errors in the template.
3. The template is consistent with the original log.

Final Revised Template:  
guaranteed instruction cache block touch.<*>"
E99,4,program interrupt: fp cr field .............<*>,"EventId: E99
Occurrences: 4
Template: program interrupt: fp cr field .............<*>
Revised_template: program interrupt: fp cr field .............<*>
Guideline: Label Error

**Optimization Suggestions:**
1. The placeholder `<*>` is correctly identified as a variable.
2. The number of dots in the template should match the original log's formatting.

**Optimized Template:**
Revised_template: program interrupt: fp cr field .............<*>"
E68,1,guaranteed data cache block touch........<*>,"EventId: E68  
Occurrences: 1  
Event_template: guaranteed data cache block touch........<*>  
Revised_template: guaranteed data cache block touch........<*>  
Guideline: Label Error  

**Optimization Suggestions:**  
1. The placeholder for the variable should be correctly identified and formatted to match the original log.
2. Ensure that the number of dots in the template matches the original log.

**Optimized Template:**  
guaranteed data cache block touch........<*>"
E71,1,icache prefetch depth....................<*>,"EventId: E71
Original_log: icache prefetch depth....................0
Event_template: icache prefetch depth....................<*>
Revised_template: icache prefetch depth....................<*>
Guideline: Label Error

Optimization suggestions:
1. The number of dots in the template should match the original log for consistency.
2. Ensure that the placeholder is correctly placed without any additional characters.

Optimized template:
Revised_template: icache prefetch depth....................<*>"
E72,2,icache prefetch threshold................<*>,"EventId: E72  
Occurrences: 2  
Template: icache prefetch threshold................<*>  
Example: icache prefetch threshold................0  

**Optimization Suggestions:**  
1. There is a symbol error in the template. The number of dots in the template should match the example.  
2. The placeholder `<*>` is correctly identified as a variable.  

**Revised Template:**  
icache prefetch threshold................<*>  

This revised template maintains consistency with the original log while correcting the symbol error."
E120,1,wait state enable.................<*>,"Based on the review of the provided template, the following issues were identified:

1. There is a symbol error in the template where the number of dots (.) does not match the original log.
2. The placeholder is correctly identified as a variable.

Here is the optimized template:

**Revised_template:** wait state enable.........................<*>

This revised template maintains consistency with the original log by ensuring the number of dots matches."
E48,1,critical input interrupt enable...<*>,"Based on the review of the provided template, here are the observations:

1. **Symbol Error**: The ellipsis in the template (""..."") is inconsistent with the example log (""...""). The number of dots should match exactly.
2. **Variable Recognition Error**: The placeholder `<*>` is correctly used to represent a variable in the template.

To optimize the template for consistency with the original log, the revised template should ensure that the number of dots matches the example log.

**Revised Template**: 
```
critical input interrupt enable................<*>
```

This revised template maintains the structure and consistency with the original log while correcting the symbol error."
E115,1,special purpose registers:,"Based on the style of the previous samples, the template provided has a few issues that need to be addressed:

1. There is a lack of a placeholder for the variable part of the log. The template should include a placeholder to capture the specific details that follow ""special purpose registers:"".
2. The example does not provide any variable information, which means it is not clear what should be captured.

Here is the optimized template based on the guidelines from the previous samples:

**Revised_template:** special purpose registers: <*>

This revision introduces a placeholder ""<*>"" to capture any specific information that may follow ""special purpose registers:""."
E79,1,lr:<*> cr:<*> xer:<*> ctr:<*>,"Based on the provided template and following the style of the previous samples, here are the suggestions for optimization:

1. **Symbol Errors**: There are no symbol errors in the template.
2. **Variable Recognition Errors**: All placeholders appear to be correctly identified as variables. However, to maintain consistency with the examples, it is suggested to add a space after each comma for clarity.

Revised Template:
```
lr:<*> cr:<*> xer:<*> ctr:<*>
```

Optimized Template:
```
lr:<*> , cr:<*> , xer:<*> , ctr:<*>
```

This maintains the original meaning while aligning with the formatting style observed in the previous samples."
E107,1,rts internal error,"Based on the style of the previous samples, here are the optimization suggestions for the provided template:

1. **Symbol Errors**: There are no symbol errors in the template.
2. **Variable Recognition Errors**: The template does not contain any placeholders for variables. It is a static log message.

To optimize the template, we can introduce a placeholder to make it more flexible for different occurrences of internal errors. Here’s the optimized template:

**Optimized Template**: rts internal error <*>

This allows for the possibility of including additional information or identifiers related to the internal error in future logs."
E58,2,debug wait enable.................<*>,"Based on the provided template and the style of the previous samples, here are the optimization suggestions:

1. **Symbol Errors**: The original template uses a series of dots (.) to represent spacing. In the example, the number of dots is inconsistent. It should match the number of dots in the original log for consistency.

2. **Variable Recognition Errors**: The placeholder `<*>` is correctly used to represent the variable in the log.

Here is the optimized template:

**Revised_template**: debug wait enable..................<*>

This revised template ensures that the number of dots is consistent with the original log example."
E75,1,instruction address space.........<*>,"Based on the review of the provided template, here are the observations:

1. **Symbol Errors**: The placeholder for the variable is correct, but the number of dots in the template does not match the original log. The original log has 10 dots, while the template has 9 dots.

2. **Variable Recognition Errors**: The placeholder `<*>` correctly represents the variable in the original log.

**Optimization Suggestions**:
- Correct the number of dots in the template to match the original log.

**Revised Template**:
```
EventId: E75
Occurrences: 1
Template: instruction address space..........<*>
Example: instruction address space..........0
```"
E59,3,disable store gathering..................<*>,"EventId: E59  
Original_log: disable store gathering..................0  
Event_template: disable store gathering..................<*>  
Revised_template: disable store gathering..................<*>  
Guideline: Label Error  

Optimization suggestions:  
1. The placeholder in the template should be consistent with the original log. The number of dots in the template should match the original log.  
2. Ensure that the placeholder is correctly recognized as a variable.  

Optimized Template:  
disable store gathering..................<*>"
E118,13,total of <*> ddr error(s) detected and corrected,"Based on the review of the provided template and the style of the previous samples, here are the observations:

1. There is a symbol error in the template: ""error(s)"" should be ""error"" to maintain consistency with the example provided.
2. The placeholder <*> correctly represents a variable, and there are no other variables that have not been recognized.

Here is the optimized template:

**Revised_template:** total of <*> ddr error detected and corrected

This revision maintains consistency with the example and corrects the symbol error."
E28,21,"ciod: Error loading <*>: invalid or missing program image, No such file or directory","Based on the review of the provided template, here are the observations:

1. **Symbol Errors**: There are no symbol errors in the template. The placeholders are correctly represented as `<*>`.

2. **Variable Recognition Errors**: The placeholder `<*>` correctly represents a variable in this context, which is the file path. There are no other variables that have not been recognized.

3. **Consistency with Original Log**: The template is consistent with the original log example.

Based on these observations, the optimized template would be:

**Revised_template**: ciod: Error loading <*>, invalid or missing program image, No such file or directory

This maintains the original structure while ensuring that the placeholder is correctly formatted and recognized."
E23,1,ciod: Error creating node map from file <*>: No child processes,"Based on the provided template and the style of the previous samples, here are the optimization suggestions:

1. **Symbol Error Check**: The template appears to have no symbol errors.
2. **Variable Recognition**: The placeholder `<*>` correctly represents a variable, but it could be more specific to indicate that it is a file path.

Here is the optimized template:

**Revised_template**: ciod: Error creating node map from file <file_path>: No child processes

This change clarifies that the placeholder represents a file path, aligning with the style of previous samples."
E98,3,program interrupt,"Based on the style of the previous samples, the template needs to include a placeholder for the variable part of the log. Since ""program interrupt"" is a static message without any variable components, it should be represented with a placeholder to maintain consistency with the log templates.

Here are the optimization suggestions:

1. Introduce a placeholder for the event message, as it is common in the other templates.
2. Ensure the template follows the format of having a placeholder even if the message is static.

Revised template:

```
EventId: E98
Occurrences: 3
Template: <*>
Example: program interrupt
```

This maintains consistency with the other templates while allowing for flexibility in the log message."
E90,6,Node card is not fully functional,"EventId: E90  
Occurrences: 6  
Template: Node card is not fully functional  
Example: Node card is not fully functional  
Revised_template: Node card is not fully functional  
Guideline: No changes needed  

There are no symbol errors or variable recognition errors in the provided template. It is consistent with the original log and does not require any modifications."
E21,1,ciod: Error creating node map from file <*>: Bad file descriptor,"Upon reviewing the provided template, I noticed the following:

1. There are no symbol errors in the template.
2. The placeholder <*> is correctly used as a variable, and there are no other variables that have not been recognized.

However, to align with the style of previous samples, the revised template should be consistent with the example provided. The revised template should include a comma before the error message for clarity.

Here is the optimization suggestion:

**Revised_template:** ciod: Error creating node map from file <*>, Bad file descriptor

This maintains the original meaning while conforming to the style observed in the previous samples."
E73,5,Ido chip status changed: <*> ip=<*> v=<*> t=<*> status=M <*>,"Based on the provided template and the style of the previous samples, here are the optimization suggestions:

1. **Symbol Errors**: There are no symbol errors in the template.
2. **Variable Recognition Errors**: The placeholders in the template seem to represent variables correctly. However, the last part ""status=M"" includes a timestamp which is not represented as a variable. This should be adjusted to recognize the timestamp as a variable.

Here is the optimized template:

**Revised_template**: Ido chip status changed: <*> ip=<*> v=<*> t=<*> status=<*> <*>

This revision includes an additional placeholder for the timestamp, ensuring that all parts of the original log are accurately represented as variables."
E17,6,Can not get assembly information for node card,"EventId: E17
Occurrences: 6
Template: Can not get assembly information for <*>
Example: Can not get assembly information for node card
Revised_template: Can not get assembly information for <*>
Guideline: Variable recognition error"
E39,2,ciod: Missing or invalid fields on line <*> of node map file <*>,"Based on the review of the provided template, here are the observations and suggestions for optimization:

1. **Symbol Errors**: There are no symbol errors in the template.
2. **Variable Recognition Errors**: The placeholders in the template are correctly identified as variables. However, the second placeholder could be more specific to indicate that it represents a file path.

### Revised Template
Revised_template: ciod: Missing or invalid fields on line <*> of node map file <*>

### Optimization Suggestions
- The template is already clear and consistent with the original log. However, if you want to enhance clarity, you might consider specifying that the second placeholder is a file path.

### Final Optimized Template
Final_optimized_template: ciod: Missing or invalid fields on line <*> of node map file <file_path> 

This indicates that the second placeholder is specifically for a file path, which can help in understanding the context better."
E10,2,<*> torus receiver z+ input pipe error(s) (dcr <*>) detected and corrected,"Based on the review of the provided template and example, here are the optimization suggestions:

1. **Symbol Errors**: The template contains a symbol error with the use of ""error(s)"". It should be consistent with the original log, which uses ""error(s)"" without any additional symbols.

2. **Variable Recognition Errors**: The placeholders in the template are correctly identified as variables. However, the placeholder for ""dcr <*>"" should be revised to ensure it is consistent with the example.

Here is the optimized template:

**Revised_template**: <*> torus receiver z+ input pipe error(s) (dcr <*>) detected and corrected

This template maintains the original structure while correcting any symbol errors and ensuring variable recognition is consistent with the example provided."
E20,1,ciod: duplicate canonical-rank <*> to logical-rank <*> mapping at line <*> of node map file <*>,"Based on the review of the provided template, here are the findings:

1. **Symbol Errors**: There are no symbol errors in the template.
2. **Variable Recognition Errors**: All placeholders in the template are recognized as variables, and there are no additional variables that have not been recognized.

However, to ensure consistency with the previous samples, the revised template should include a comma before the ""mapping"" phrase to match the style used in similar templates.

**Revised Template**: 
ciod: duplicate canonical-rank <*> to logical-rank <*> mapping at line <*> of node map file <*>

This maintains the structure of the original log while ensuring it aligns with the style of previous samples."
E22,1,ciod: Error creating node map from file <*>: Block device required,"Based on the provided template and the style of the previous samples, here are the optimization suggestions:

1. **Symbol Errors**: There are no symbol errors in the template.
2. **Variable Recognition Errors**: The placeholder `<*>` correctly represents a variable in the context of the log. There are no additional variables that need to be recognized.

However, to align with the previous samples, it is suggested to include a comma before the phrase ""Block device required"" for consistency in formatting.

### Revised Template:
```
EventId: E22
Occurrences: 1
Template: ciod: Error creating node map from file <*>, Block device required
Example: ciod: Error creating node map from file /p/gb2/pakin1/sweep3d-5x5x400-10mk-3mmi-1024pes-xyzt/xyzt.map, Block device required
```

This revision maintains the integrity of the original log while ensuring consistency with the formatting observed in previous samples."
E108,2,rts panic! - stopping execution,"EventId: E108  
Original_log: rts panic! - stopping execution  
Event_template: rts panic! - stopping execution  
Revised_template: rts panic! - stopping execution  
Guideline: No Error  

Since the template and the example log are identical, there are no symbol errors or variable recognition errors to correct. The template is already optimized and consistent with the original log."
E24,1,ciod: Error creating node map from file <*>: Permission denied,"EventId: E24
Occurrences: 1
Template: ciod: Error creating node map from file <*>, Permission denied
Example: ciod: Error creating node map from file /home/pakin1/sweep3d-2.2b/results/random1-8x32x32x2.map: Permission denied

Optimization Suggestions:
1. Correct the symbol error by replacing the colon (:) before ""Permission denied"" with a comma (,) to maintain consistency with the style of previous samples.
2. Ensure that all placeholders are correctly recognized as variables.

Optimized Template:
Template: ciod: Error creating node map from file <*>, Permission denied"
E42,1,ciod: Z coordinate <*> exceeds physical dimension <*> at line <*> of node map file <*>,"Based on the review of the provided template, here are the observations:

1. **Symbol Errors**: There are no apparent symbol errors in the template.
2. **Variable Recognition Errors**: All placeholders appear to be correctly identified as variables.

However, the template can be optimized for consistency with the examples provided. Specifically, the use of commas and the placement of the placeholders can be adjusted for uniformity.

### Optimization Suggestions:
- Add a comma before ""at line"" for consistency with the style of previous templates.
- Ensure that the placeholder for the file path is correctly placed.

### Revised Template:
```plaintext
ciod: Z coordinate <*> exceeds physical dimension <*>, at line <*> of node map file <*>
```

This revised template maintains the original meaning while aligning with the formatting of the previous samples."
E112,1,"rts: kernel terminated for reason <*>: bad message header: invalid cpu, type=<*>, cpu=<*>, index=<*>, total=<*>","Based on the provided template and example, here are the observations and suggestions for optimization:

1. **Symbol Errors**: There are no symbol errors in the template. The placeholders are correctly represented as `<*>`.

2. **Variable Recognition Errors**: The template appears to have a missing space between ""reason <*>"" and ""bad message header"". This should be corrected to ensure proper separation of the variables.

3. **Consistency with Original Log**: The revised template should maintain the same structure as the original log while ensuring all variables are correctly identified.

### Revised Template:
```
rts: kernel terminated for reason <*>, bad message header: invalid cpu, type=<*>, cpu=<*>, index=<*>, total=<*>
```

This revised template ensures that there is a space after ""reason <*>"" and before ""bad message header"", aligning it with the example provided."
E4,121,<*> floating point alignment exceptions,"Based on the review of the provided template and following the style of the previous samples, here are the optimization suggestions:

1. **Symbol Error Check**: The template does not contain any symbol errors.
2. **Variable Recognition Check**: The placeholder `<*>` is correctly used as a variable to represent the number of floating point alignment exceptions.

However, to maintain consistency with the examples provided, it would be beneficial to include a comma before the variable to match the format seen in other templates. 

### Revised Template:
`<*> floating point alignment exceptions`

### Optimization Template:
`<*> floating point alignment exceptions`

No changes are necessary as the original template is already consistent with the style of previous samples."
E88,3,New ido chip inserted into the database: <*> ip=<*> v=<*> t=<*>,"EventId: E88
Original_log: New ido chip inserted into the database: FF:F2:9F:15:1F:72:00:0D:60:EA:E0:8D ip=10.7.0.13 v=9 t=2
Event_template: New ido chip inserted into the database: <*> ip=<*> v=<*> t=<*>
Revised_template: New ido chip inserted into the database: <*>, ip=<*>, v=<*>, t=<*>
Guideline: Label Error

Optimization suggestions:
1. Add commas for consistency in separating the variables in the revised template.
2. Ensure that all placeholders are recognized as variables.

Revised_template: New ido chip inserted into the database: <*>, ip=<*>, v=<*>, t=<*>"
E94,1,NodeCard is not fully functional,"Based on the style of the previous samples, the template provided does not contain any placeholders for variable recognition. To optimize the template, we should introduce a placeholder to represent any specific details that may vary in similar logs. 

Here is the optimized template:

EventId: E94
Occurrences: 1
Template: NodeCard <*>
Example: NodeCard is not fully functional

This optimization introduces a placeholder ""<*>"" to allow for variations in the message while maintaining the core structure of the log."
E91,1,"Node card status: ALERT <*>, ALERT <*>, ALERT <*>, ALERT <*> is (are) active. Clock Mode is Low. Clock Select is Midplane. Phy JTAG Reset is asserted. ASIC JTAG Reset is not asserted. Temperature Mask is not active. No temperature error. Temperature Limit Error Latch is clear. PGOOD is asserted. PGOOD error latch is clear. MPGOOD is OK. MPGOOD error latch is clear. The <*> volt rail is OK. The <*> volt rail is OK.","EventId: E91
Occurrences: 1
Template: Node card status: ALERT <*>, ALERT <*>, ALERT <*>, ALERT <*> is (are) active. Clock Mode is Low. Clock Select is Midplane. Phy JTAG Reset is asserted. ASIC JTAG Reset is not asserted. Temperature Mask is not active. No temperature error. Temperature Limit Error Latch is clear. PGOOD is asserted. PGOOD error latch is clear. MPGOOD is OK. MPGOOD error latch is clear. The <*> volt rail is OK. The <*> volt rail is OK.
Revised_template: Node card status: ALERT <*>, ALERT <*>, ALERT <*>, ALERT <*> is (are) active. Clock Mode is Low. Clock Select is Midplane. Phy JTAG Reset is asserted. ASIC JTAG Reset is not asserted. Temperature Mask is not active. No temperature error. Temperature Limit Error Latch is clear. PGOOD is asserted. PGOOD error latch is clear. MPGOOD is OK. MPGOOD error latch is clear. The <*> volt rail is OK. The <*> volt rail is OK.
Guideline: Label Error"
E93,9,"Node card VPD check: <*> node in processor card slot <*> do not match. VPD ecid <*>, found <*>","Based on the review of the provided template and the example, here are the identified issues and suggestions for optimization:

1. **Symbol Errors**: The phrase ""do not match"" should be consistent with the original log style. In the previous samples, the structure of the log is maintained without altering the wording unnecessarily.

2. **Variable Recognition Errors**: The placeholders seem to be correctly identified, but the structure of the template can be improved for consistency with the original log format.

### Revised Template:
Node card VPD check: <*> node in processor card slot <*> does not match. VPD ecid <*>, found <*>

### Summary of Changes:
- Changed ""do not match"" to ""does not match"" for grammatical consistency with the original log structure. 

This revised template aligns better with the examples provided in the previous samples while maintaining the integrity of the original log."
E74,35,"idoproxydb hit ASSERT condition: ASSERT expression=<*> Source file=idotransportmgr.cpp Source line=<*> Function=int IdoTransportMgr::SendPacket(IdoUdpMgr*, BglCtlPavTrace*)","EventId: E74
Original_log: idoproxydb hit ASSERT condition: ASSERT expression=0 Source file=idotransportmgr.cpp Source line=1043 Function=int IdoTransportMgr::SendPacket(IdoUdpMgr*, BglCtlPavTrace*)
Event_template: idoproxydb hit ASSERT condition: ASSERT expression=<*> Source file=<*> Source line=<*> Function=<*>
Revised_template: idoproxydb hit ASSERT condition: ASSERT expression=<*>, Source file=<*>, Source line=<*>, Function=<*>
Guideline: Label Error

Optimization suggestions:
1. Add commas to separate the different components of the log message for consistency with the previous samples.
2. Ensure that all placeholders are correctly identified as variables.

Optimized template:
idoproxydb hit ASSERT condition: ASSERT expression=<*>, Source file=<*>, Source line=<*>, Function=<*>"
E92,5,Node card status: no ALERTs are active. Clock Mode is Low. Clock Select is Midplane. Phy JTAG Reset is asserted. ASIC JTAG Reset is asserted. Temperature Mask is not active. No temperature error. Temperature Limit Error Latch is clear. PGOOD IS NOT ASSERTED. PGOOD ERROR LATCH IS ACTIVE. MPGOOD IS NOT OK. MPGOOD ERROR LATCH IS ACTIVE. The <*> volt rail is OK. The <*> volt rail is OK.,"EventId: E92  
Original_log: Node card status: no ALERTs are active. Clock Mode is Low. Clock Select is Midplane. Phy JTAG Reset is asserted. ASIC JTAG Reset is asserted. Temperature Mask is not active. No temperature error. Temperature Limit Error Latch is clear. PGOOD IS NOT ASSERTED. PGOOD ERROR LATCH IS ACTIVE. MPGOOD IS NOT OK. MPGOOD ERROR LATCH IS ACTIVE. The 2.5 volt rail is OK. The 1.5 volt rail is OK.  
Event_template: Node card status: no ALERTs are active. Clock Mode is Low. Clock Select is Midplane. Phy JTAG Reset is asserted. ASIC JTAG Reset is asserted. Temperature Mask is not active. No temperature error. Temperature Limit Error Latch is clear. PGOOD IS NOT ASSERTED. PGOOD ERROR LATCH IS ACTIVE. MPGOOD IS NOT OK. MPGOOD ERROR LATCH IS ACTIVE. The <*> volt rail is OK. The <*> volt rail is OK.  
Revised_template: Node card status: no ALERTs are active. Clock Mode is Low. Clock Select is Midplane. Phy JTAG Reset is asserted. ASIC JTAG Reset is asserted. Temperature Mask is not active. No temperature error. Temperature Limit Error Latch is clear. PGOOD IS NOT ASSERTED. PGOOD ERROR LATCH IS ACTIVE. MPGOOD IS NOT OK. MPGOOD ERROR LATCH IS ACTIVE. The <*> volt rail is OK. The <*> volt rail is OK.  
Guideline: Label Error  

**Optimization Suggestions:**  
1. The placeholders for the volt rails are correctly identified as variables.  
2. The template is consistent with the original log.  
3. No symbol errors were found.  

**Final Optimization Template:**  
Node card status: no ALERTs are active. Clock Mode is Low. Clock Select is Midplane. Phy JTAG Reset is asserted. ASIC JTAG Reset is asserted. Temperature Mask is not active. No temperature error. Temperature Limit Error Latch is clear. PGOOD IS NOT ASSERTED. PGOOD ERROR LATCH IS ACTIVE. MPGOOD IS NOT OK. MPGOOD ERROR LATCH IS ACTIVE. The <*> volt rail is OK. The <*> volt rail is OK."
E96,1,"PrepareForService shutting down NodeCard(mLctn(<*>), mCardSernum(<*>), mLp(<*>), mIp(<*>), mType(<*>)) as part of Service Action <*>","EventId: E96
Original_log: PrepareForService shutting down NodeCard(mLctn(R25-M1-N2), mCardSernum(203231503833343000000000000594c31304b34333431303158), mLp(FF:F2:9F:16:CF:0F:00:0D:60:E9:30:F0), mIp(10.2.2.80), mType(4)) as part of Service Action 310
Event_template: PrepareForService shutting down NodeCard(mLctn(<*>), mCardSernum(<*>), mLp(<*>), mIp(<*>), mType(<*>) as part of Service Action <*>
Revised_template: PrepareForService shutting down NodeCard(mLctn(<*>), mCardSernum(<*>), mLp(<*>), mIp(<*>), mType(<*>) as part of Service Action <*>
Guideline: Label Error

**Optimization Suggestions:**
1. Ensure that all placeholders are correctly formatted and recognized as variables.
2. Check for any missing placeholders that should be included based on the original log.

**Optimized Template:**
PrepareForService shutting down NodeCard(mLctn(<*>), mCardSernum(<*>), mLp(<*>), mIp(<*>), mType(<*>) as part of Service Action <*>)"
E109,1,rts tree/torus link training failed: wanted: <*> got: <*>,"Based on the review of the provided template, here are the observations and suggestions for optimization:

1. **Symbol Error**: There are no symbol errors in the template. The use of colons and spaces is consistent with the original log.

2. **Variable Recognition Errors**: The placeholders in the template are correctly identified as variables. However, the placeholders do not fully capture the structure of the original log. The original log contains multiple values for both ""wanted"" and ""got,"" which should be represented more accurately in the template.

**Revised Template**: 
``` 
rts tree/torus link training failed: wanted: <*>, got: <*>
```

**Optimization Suggestions**: 
- The placeholders for ""wanted"" and ""got"" should be expanded to accommodate multiple values. This can be done by using a single placeholder for each value or by using a more descriptive placeholder to indicate multiple values.

**Final Optimized Template**:
```
rts tree/torus link training failed: wanted: <*>, <*>, <*>, <*>, got: <*>, <*>, <*>, <*>
```

This revised template allows for the capture of all values in the ""wanted"" and ""got"" sections of the log."
E13,3,<*> tree receiver <*> in re-synch state event(s) (dcr <*>) detected,"Based on the review of the provided template and the example, here are the optimization suggestions:

1. **Symbol Errors**: There are no symbol errors in the template.
2. **Variable Recognition Errors**: The placeholders in the template are correctly identified as variables. However, the template can be optimized for consistency with the example.

The revised template should include a comma before ""in re-synch state event(s)"" to match the structure of the example.

**Revised Template**: 
<*> tree receiver <*>, in re-synch state event(s) (dcr <*>) detected

This revised template maintains consistency with the original log while correcting the minor formatting issue."
E25,17,"ciod: Error loading <*>: invalid or missing program image, Exec format error","Based on the review of the provided template, here are the observations and suggestions for optimization:

1. **Symbol Errors**: There are no symbol errors in the template.
2. **Variable Recognition Errors**: The placeholder `<*>` correctly represents a variable in the context of the log. However, the template could be optimized to include the full structure of the example log.

**Revised Template**: 
`ciod: Error loading <*>, invalid or missing program image, Exec format error`

This revision maintains the integrity of the original log while ensuring that the variable is clearly defined. The optimization aligns with the style of previous samples, ensuring consistency in the template structure."
E29,9,ciod: Error reading message prefix after LOAD_MESSAGE on CioStream socket to <*>:<*>: Link has been severed,"EventId: E29
Original_log: ciod: Error reading message prefix after LOAD_MESSAGE on CioStream socket to 172.16.96.116:42213: Link has been severed
Event_template: ciod: Error reading message prefix after LOAD_MESSAGE on CioStream socket to <*>:<*>: Link has been severed
Revised_template: ciod: Error reading message prefix after LOAD_MESSAGE on CioStream socket to <*>,<*>: Link has been severed
Guideline: Label Error

Optimization suggestions:
1. The colon after the second placeholder should be changed to a comma to match the original log format.

Optimized template:
EventId: E29
Occurrences: 9
Template: ciod: Error reading message prefix after LOAD_MESSAGE on CioStream socket to <*>,<*>: Link has been severed"
E111,6,rts: kernel terminated for reason <*>,"Based on the provided template and the style of the previous samples, here are the optimization suggestions:

1. **Symbol Errors**: There are no symbol errors in the template.
2. **Variable Recognition Errors**: The placeholder `<*>` is correctly used as a variable in the template. There are no additional variables that need to be recognized.

However, to maintain consistency with the revised templates in previous samples, it is recommended to add a comma before the variable placeholder for clarity.

**Revised Template**: 
```
rts: kernel terminated for reason <*>
```

Since the original template is already consistent with the examples provided, no further changes are necessary. The optimized template remains the same."
E34,30,ciod: generated <*> core files for program <*>,"Based on the review of the provided template and example, here are the observations:

1. **Symbol Errors**: There are no symbol errors in the template.
2. **Variable Recognition Errors**: The placeholders in the template appear to correctly represent variables from the original log. However, the example shows a specific number of core files generated, which should be reflected in the template to improve accuracy.

**Optimization Suggestions**:
- The template should specify that the number of core files is a variable by adding a placeholder for it.

**Revised Template**:
```
ciod: generated <*> core files for program <*>
```

**Final Optimization Template**:
```
ciod: generated <*> core files for program <*>
```

This maintains the original structure while ensuring that the number of core files is clearly indicated as a variable."
E70,208,iar <*> dear <*>,"Based on the review of the provided template, here are the observations and suggestions for optimization:

1. **Symbol Errors**: The template contains a space before ""dear"" that should be consistent with the example provided. It should be ""iar <*>, dear <*>"" to match the example format.

2. **Variable Recognition**: The placeholders `<*>` are correctly used as variables in the template.

Here is the optimized template:

**Revised_template**: iar <*>, dear <*>

This adjustment ensures consistency with the example format and maintains the integrity of the original log."
E89,2,"NFS Mount failed on <*>, slept <*> seconds, retrying (<*>)","Based on the review of the provided template, here are the observations:

1. **Symbol Errors**: There are no symbol errors in the template. The use of placeholders is consistent.
2. **Variable Recognition Errors**: All placeholders in the template are correctly identified as variables. There are no additional variables that have not been recognized.

However, to align with the style of the previous samples, the revised template should ensure consistency in punctuation and formatting.

**Revised Template**: 
NFS Mount failed on <*>, slept <*> seconds, retrying (<*>)

This template remains unchanged as it already follows the correct format and structure."
E81,9,Lustre mount FAILED : <*> : point <*>,"Based on the review of the provided template and the example log, here are the optimization suggestions:

1. **Symbol Errors**: There are no symbol errors in the template. The colons and spaces are correctly placed.
  
2. **Variable Recognition Errors**: The placeholders `<*>` are correctly used to represent variables in the template. However, the second placeholder could be more specific to indicate that it represents a path. 

3. **Consistency with Original Log**: The template should maintain consistency with the original log format.

Based on these observations, the optimized template would be:

**Optimized Template**: Lustre mount FAILED : <*> : point <*>

This template remains unchanged as it is already consistent with the original log and correctly uses placeholders for the variables."
E8,1,<*> torus receiver x+ input pipe error(s) (dcr <*>) detected and corrected,"Based on the review of the provided template, here are the observations:

1. **Symbol Errors**: The template uses ""error(s)"" which is inconsistent with the example that uses ""error"". It should be standardized to either ""error"" or ""error(s)"" based on the example provided.
2. **Variable Recognition Errors**: The placeholders are correctly identified as variables, but the format of the example suggests that the second placeholder should be in a specific format (like hexadecimal).

Here is the optimized template based on the observations:

**Revised_template**: <*> torus receiver x+ input pipe error detected and corrected (dcr <*>) 

This revision maintains consistency with the example while correcting the symbol error."
E40,3,ciod: pollControlDescriptors: Detected the debugger died.,"Based on the review of the provided template, here are the optimization suggestions:

1. **Symbol Errors**: There are no symbol errors in the template.
2. **Variable Recognition Errors**: The template does not contain any placeholders for variables. It should be modified to include a placeholder for the variable part of the log, if applicable.

Given the original log example, it seems that there are no specific variables to extract. However, to maintain consistency with the previous samples, we can introduce a placeholder for potential future variable recognition.

**Revised Template**: 
```
ciod: pollControlDescriptors: Detected the debugger died.
```

Since the original log does not contain any variable parts, the revised template remains the same as the original template. If there were any variables to recognize, they would be represented as `<*>`. 

If you would like to add a placeholder for consistency, it could be something like this:

**Alternative Revised Template**: 
```
ciod: pollControlDescriptors: Detected the debugger died <*>
```

This alternative includes a placeholder for potential variable recognition, even though the current log does not necessitate it."
E35,1,"ciod: In packet from node <*> (<*>), message code <*> is not <*> or <*> (softheader=<*> <*> <*> <*>)","Based on the review of the provided template and example, here are the optimization suggestions:

1. **Symbol Errors**: There are no symbol errors in the template. The use of parentheses and commas is consistent with the example provided.
  
2. **Variable Recognition Errors**: The placeholders in the template appear to correctly represent the variables in the example. However, the last part of the template (""softheader=<*> <*> <*> <*>"") should be revised to ensure that all placeholders are recognized as variables.

Here is the optimized template based on the guidelines:

**Revised_template**: ciod: In packet from node <*> (<*>), message code <*> is not <*> or <*> (softheader=<*> <*>) <*>

This revision ensures that all variables are properly recognized and maintains consistency with the original log format."
E9,1,<*> torus receiver y+ input pipe error(s) (dcr <*>) detected and corrected,"Based on the review of the provided template and the example, here are the optimization suggestions:

1. **Symbol Error Check**: The template has no symbol errors; it uses the correct placeholder format.

2. **Variable Recognition Check**: The placeholders in the template are correctly identified as variables. However, the example shows that the ""dcr"" value is a hexadecimal number, which may need to be explicitly indicated in the template.

3. **Consistency with Original Log**: The template should match the structure of the example more closely.

Revised Template:
```
<*> torus receiver y+ input pipe error(s) (dcr <*>) detected and corrected
```

This template is already consistent with the original log and does not require further modification. The placeholders are correctly placed, and the structure matches the example provided. Thus, no changes are needed. 

Final Optimization Template:
```
<*> torus receiver y+ input pipe error(s) (dcr <*>) detected and corrected
```"
E117,2,suppressing further interrupts of same type,"Based on the provided template and following the style of the previous samples, here are the optimization suggestions:

1. The original template does not contain any placeholders for variables. Since the example log does not include any variable information, it is appropriate to keep the template as is.
2. There are no symbol errors in the template.
3. Since there are no variables to recognize, there are no variable recognition errors.

Therefore, the optimized template remains the same.

**Optimized Template:**
```
suppressing further interrupts of same type
```"
E110,1,rts: bad message header: expecting type <*> instead of type <*> (softheader=<*> <*> <*> <*>) PSR0=<*> PSR1=<*> PRXF=<*> PIXF=<*>,"Upon reviewing the provided template, I identified some symbol errors and variable recognition errors. Here are the suggestions for optimization:

1. **Symbol Errors**: The template uses a mix of symbols and spacing that should be standardized. The spacing around the placeholders should be consistent with the original log.

2. **Variable Recognition Errors**: All placeholders appear to be correctly recognized as variables. However, the placeholders could be adjusted to ensure they match the structure of the original log more closely.

Here is the optimized template based on the identified issues:

**Optimized Template**: 
```
rts: bad message header: expecting type <*> instead of type <*>, (softheader=<*> <*> <*> <*>) PSR0=<*> PSR1=<*> PRXF=<*> PIXF=<*>
```

This maintains the structure of the original log while correcting any inconsistencies in spacing and punctuation around the placeholders."
E44,1,critical input interrupt (unit=<*> bit=<*>): warning for torus y+ wire,"Upon reviewing the provided template, I found the following issues:

1. **Symbol Errors**: The template uses an equal sign (`=`) to assign values to placeholders, which is inconsistent with the style of previous samples where placeholders are simply indicated with `<*>`. This needs to be corrected.

2. **Variable Recognition Errors**: The placeholders in the template are correctly recognized as variables.

Based on these observations, the optimized template should be:

**Revised_template**: critical input interrupt (unit<*> bit<*>): warning for torus y+ wire

This revision removes the equal signs and aligns with the style of previous samples."
E26,19,"ciod: Error loading <*>: invalid or missing program image, Permission denied","Based on the review of the provided template, here are the observations and suggestions for optimization:

1. **Symbol Errors**: There are no symbol errors in the template. The placeholders are correctly represented.

2. **Variable Recognition Errors**: The placeholder `<*>` is correctly used to represent a variable (the file path). However, the message contains additional fixed text that could be separated into distinct placeholders to enhance clarity and consistency.

### Optimization Suggestions:
- The template can be optimized by adding a placeholder for the specific error message ""invalid or missing program image"" to maintain consistency with other templates that separate variable parts from fixed text.

### Revised Template:
```plaintext
ciod: Error loading <*>, <*>, Permission denied
```

### Example:
```plaintext
ciod: Error loading /home/spelce1/HPCC_IBM/Urgent/Gunnels/VNM64/vnm.rts, invalid or missing program image, Permission denied
```

This revision maintains the original meaning while providing a clearer structure for variable recognition."
E51,6,data cache search parity error detected. attempting to correct,"Based on the style of the previous samples, here are the optimization suggestions for the provided template:

1. **Symbol Errors**: There are no symbol errors in the template.
2. **Variable Recognition Errors**: The template does not contain any placeholders for variables. Since the original log and template are identical, it would be beneficial to introduce a placeholder to represent the occurrence of the error.

**Revised Template**: 
```
data cache search parity error detected. attempting to correct <*>
```

This revision introduces a placeholder to indicate that there may be additional information or a count related to the occurrence of the error, maintaining consistency with the previous samples."
E113,1,shutdown complete,"Based on the style of the previous samples, the template provided does not contain any placeholder for variables. Since the original log and the template are identical and there are no variables to recognize, the template can be optimized by adding a placeholder to indicate that the event can have variable content.

Here is the optimized template:

EventId: E113
Occurrences: 1
Template: <*> complete
Example: shutdown complete

This change introduces a placeholder that allows for different types of completions while maintaining the structure of the original log."
E45,1,critical input interrupt (unit=<*> bit=<*>): warning for torus z- wire,"Based on the review of the provided template, here are the observations and suggestions for optimization:

1. **Symbol Errors**: There are no symbol errors in the template. The use of parentheses and colons is consistent with the original log example.

2. **Variable Recognition Errors**: The placeholders `<*>` correctly represent variables in the template. However, the example log uses a specific format for the values (e.g., `0x0b`), which should be reflected in the template for consistency.

3. **Inconsistent Label**: The template currently does not include a placeholder for the specific warning message, which is part of the original log. This should be added to ensure the template captures all relevant information.

### Revised Template:
Based on the above observations, the optimized template should be as follows:

**Revised_template**: critical input interrupt (unit=<*>, bit=<*>): warning for torus z- wire

This revision maintains the structure of the original log while ensuring that all relevant variables are captured correctly."
E60,5,"Error receiving packet on tree network, expecting type <*> instead of type <*> (softheader=<*> <*> <*> <*>) PSR0=<*> PSR1=<*> PRXF=<*> PIXF=<*>","EventId: E60
Original_log: Error receiving packet on tree network, expecting type 57 instead of type 3 (softheader=0064588e 8aff0003 00000002 00000000) PSR0=00001f01 PSR1=00000000 PRXF=00000002 PIXF=00000007
Event_template: Error receiving packet on tree network, expecting type <*> instead of type <*> (softheader=<*> <*> <*> <*>) PSR0=<*> PSR1=<*> PRXF=<*> PIXF=<*>
Revised_template: Error receiving packet on tree network, expecting type <*> instead of type <*> (softheader=<*> <*> <*>) PSR0=<*> PSR1=<*> PRXF=<*> PIXF=<*>
Guideline: Label Error"
E5,1,<*> L3 EDRAM error(s) (dcr <*>) detected and corrected,"Based on the review of the provided template, here are the observations:

1. **Symbol Errors**: There are no symbol errors in the template.
2. **Variable Recognition Errors**: The placeholders in the template are correctly identified as variables. However, the example log indicates that the ""dcr"" value is in a specific format (0x followed by hexadecimal digits), which could be better represented in the template.

### Optimization Suggestions:
- The template can be optimized to reflect the specific format of the ""dcr"" variable by indicating that it should be in hexadecimal format.

### Revised Template:
`<*> L3 EDRAM error(s) (dcr <0x*> detected and corrected`

This revised template maintains the original structure but clarifies the expected format for the ""dcr"" variable."
E46,2,"critical input interrupt (unit=<*> bit=<*>): warning for torus z+ wire, suppressing further interrupts of same type","Based on the review of the provided template, here are the optimization suggestions:

1. **Symbol Errors**: The template uses `=` to assign values to the placeholders. In the previous samples, placeholders are represented with `<*>` without the `=` sign. Therefore, the template should be modified to remove the `=` and replace it with a comma for consistency.

2. **Variable Recognition Errors**: The placeholders `unit` and `bit` should be represented as `<*>` without any additional text or symbols. 

Here is the optimized template:

**Revised_template**: critical input interrupt (unit <*>, bit <*>) : warning for torus z+ wire, suppressing further interrupts of same type"
E11,2,<*> torus sender z- retransmission error(s) (dcr <*>) detected and corrected over <*> seconds,"Based on the review of the provided template, here are the observations and suggestions for optimization:

1. **Symbol Errors**: The template appears to have no symbol errors. The placeholders are correctly formatted.

2. **Variable Recognition Errors**: The placeholders seem to correspond correctly to the variables in the example log. However, the placeholder for the ""dcr"" value could be more specific to indicate that it is a hexadecimal value.

3. **Consistency**: The template should maintain consistency with the example log, particularly in the formatting of the placeholders.

Here is the optimized template:

**Revised_template**: <*> torus sender z- retransmission error(s) (dcr <*>) detected and corrected over <*> seconds

This template remains unchanged as it is already consistent with the example log provided. If you want to specify that the dcr value is in hexadecimal, you might consider adding a note in the documentation rather than changing the template itself."
E41,16,"ciod: Received signal <*>, code=<*>, errno=<*>, address=<*>","Based on the review of the provided template, here are the observations:

1. **Symbol Errors**: There are no symbol errors in the template.
2. **Variable Recognition Errors**: All placeholders in the template are correctly identified as variables.

However, to maintain consistency with the previous samples, the revised template should include a comma before the last variable to match the style seen in the examples.

**Revised Template**: 
`ciod: Received signal <*>, code=<*>, errno=<*>, address=<*>`

This maintains the original structure while ensuring consistency with the style of the previous samples."
E80,2,Lustre mount FAILED : <*> : block_id : location,"Based on the review of the provided template, here are the observations and suggestions for optimization:

1. **Symbol Errors**: The template contains a colon (:) after ""FAILED"" and ""block_id"" which is not consistent with the example provided. The colons should be removed for consistency.

2. **Variable Recognition Errors**: The placeholder ""location"" is not marked as a variable. It should be replaced with a placeholder to maintain consistency with the previous samples.

### Revised Template:
```
EventId: E80
Occurrences: 2
Template: Lustre mount FAILED <*> block_id <*> location <*>
Example: Lustre mount FAILED bglio78 block_id location <*>
```

### Optimization Suggestions:
- Replace ""location"" with ""<*>"" to indicate that it is also a variable.
- Remove colons for consistency with the style of previous samples.

### Final Revised Template:
```
EventId: E80
Occurrences: 2
Template: Lustre mount FAILED <*> block_id <*> <*>
Example: Lustre mount FAILED bglio78 block_id location <*>
```"
E82,7,MACHINE CHECK DCR read timeout (mc=<*> iar <*> lr <*>),"Based on the provided template and the style of the previous samples, here are the observations and suggestions for optimization:

1. **Symbol Errors**: There are no symbol errors in the template. The parentheses and commas are correctly placed.

2. **Variable Recognition Errors**: The placeholders in the template are correctly recognized as variables. However, the format of the example log shows that the values for `iar` and `lr` are prefixed with `0x` which is not represented in the template. 

3. **Consistency with Original Log**: The template should reflect the exact format of the example log, including the `0x` prefix for the `iar` and `lr` values.

### Revised Template:
To maintain consistency with the example log, the revised template should be:
```
MACHINE CHECK DCR read timeout (mc=<*> iar 0x<*> lr 0x<*>)
```

This adjustment ensures that the template matches the formatting of the example log while still allowing for variable recognition."
E31,2,"ciod: Error reading message prefix on CioStream socket to <*>:<*>, Connection timed out","Based on the review of the provided template, here are the optimization suggestions:

1. **Symbol Errors**: The template is consistent with the original log, and there are no symbol errors present.

2. **Variable Recognition Errors**: The placeholders in the template are correctly representing the variables in the original log. However, the template could be revised to ensure that all parts of the log are captured correctly.

The original log contains the IP address and port number, which can be separated into two distinct placeholders for clarity.

**Revised Template**: 
```
ciod: Error reading message prefix on CioStream socket to <*>:<*>, Connection timed out
```

This revised template maintains the original structure while clearly defining the placeholders for the IP address and port number. 

**Final Optimization Template**: 
```
ciod: Error reading message prefix on CioStream socket to <*>, Connection timed out
```

This version separates the connection information, making it clearer that the connection is to an IP address and a port number."
E30,4,"ciod: Error reading message prefix on CioStream socket to <*>:<*>, Connection reset by peer","Based on the review of the provided template, here are the optimization suggestions:

1. **Symbol Errors**: There are no symbol errors in the template.
2. **Variable Recognition Errors**: The placeholders in the template are correctly identified as variables. However, the template can be optimized for consistency with the examples provided.

**Revised Template**: 
```
ciod: Error reading message prefix on CioStream socket to <*>, Connection reset by peer
```

The original template is already in a good format, but it can be made consistent with the examples by ensuring that the placeholders are clearly defined and that there are no additional symbols or punctuation that could lead to confusion. 

Final optimized template:
```
ciod: Error reading message prefix on CioStream socket to <*>, Connection reset by peer
```"
E56,1,dbcr0=<*> dbsr=<*> ccr0=<*>,"Based on the review of the provided template, here are the observations:

1. **Symbol Errors**: There are no symbol errors in the template. The symbols used are consistent with the example provided.

2. **Variable Recognition Errors**: All placeholders in the template are correctly recognized as variables. There are no additional variables that have not been recognized.

However, to ensure consistency with the style of the previous samples, the template can be revised to include a comma and space between the variables for better clarity. 

Here is the optimized template:

**Revised_template**: dbcr0=<*>, dbsr=<*>, ccr0=<*> 

This revision maintains the original meaning while conforming to the style seen in the previous samples."
E32,8,"ciod: Error reading message prefix on CioStream socket to <*>:<*>, Link has been severed","Based on the provided template and the style of the previous samples, here are the optimization suggestions:

1. **Symbol Errors**: There are no symbol errors in the template.
2. **Variable Recognition Errors**: The placeholders in the template appear to be correctly identified as variables. However, the second placeholder `<*>` should be clarified as it represents a port number, which can be explicitly stated for better recognition.

Revised Template:
```
ciod: Error reading message prefix on CioStream socket to <*>:<*>, Link has been severed
```

Since the original template is already consistent with the example log and does not contain any errors, no changes are necessary. The template is already optimized as per the previous samples. 

Final Optimization Template:
```
ciod: Error reading message prefix on CioStream socket to <*>:<*>, Link has been severed
```"
E106,1,r24=<*> r25=<*> r26=<*> r27=<*>,"Based on the provided template and the style of the previous samples, here are the optimization suggestions:

1. **Symbol Errors**: There are no symbol errors in the template.
2. **Variable Recognition Errors**: All placeholders in the template are recognized as variables, and there are no additional variables that have not been recognized.

However, to maintain consistency with the previous samples, it is recommended to add a space before the equal sign for better readability and consistency. 

**Revised Template**: 
```
r24 = <*> r25 = <*> r26 = <*> r27 = <*>
```

This revised template aligns with the formatting style observed in the previous samples."
E14,2,<*> tree receiver <*> in re-synch state event(s) (dcr <*>) detected over <*> seconds,"Based on the review of the provided template, here are the observations:

1. **Symbol Errors**: There are no symbol errors in the template. The placeholders are correctly formatted as `<*>`.

2. **Variable Recognition Errors**: 
   - The template appears to correctly identify the variables. However, the phrase ""in re-synch state event(s)"" may be more appropriately represented as ""in re-synch state event"" without the pluralization, as it is referring to a singular event type.

3. **Consistency with Original Log**: The example log provided is consistent with the template structure.

Based on these observations, the optimized template would be:

**Revised_template**: <*> tree receiver <*> in re-synch state event detected (dcr <*>) detected over <*> seconds

This maintains the structure of the original log while correcting the potential inconsistency in pluralization."
E7,51,<*> microseconds spent in the rbs signal handler during <*> calls. <*> microseconds was the maximum time for a single instance of a correctable ddr.,"Based on the provided template and the style of the previous samples, here are the optimization suggestions:

1. **Symbol Errors**: The template has no symbol errors, but the use of ""was"" in the revised template should be consistent with the original log's tense and structure.

2. **Variable Recognition Errors**: The placeholders in the template should accurately represent the variables in the original log. The current placeholders appear to be correct, but the phrase ""was the maximum time"" should be revised to ""is the maximum time"" to maintain consistency with the present tense used in the rest of the template.

Here is the optimized template:

**Optimized Template**: <*> microseconds spent in the rbs signal handler during <*> calls. <*> microseconds is the maximum time for a single instance of a correctable ddr."
E12,71,"<*> total interrupts. <*> critical input interrupts. <*> microseconds total spent on critical input interrupts, <*> microseconds max time in a critical input interrupt.","Based on the review of the provided template and example, here are the observations and suggestions for optimization:

1. **Symbol Errors**: There are no apparent symbol errors in the template.
2. **Variable Recognition Errors**: All placeholders in the template appear to be correctly identified as variables. However, the structure of the template can be improved for consistency with the example provided.

### Optimization Suggestions:
- Ensure that the placeholders are consistently formatted with commas and periods where necessary, similar to the examples in the previous samples.
- The template should reflect the structure of the example log more closely, ensuring that it matches the style of the previous samples.

### Revised Template:
`<*> total interrupts. <*> critical input interrupts. <*> microseconds total spent on critical input interrupts, <*> microseconds max time in a critical input interrupt.`

This revised template maintains the original structure while ensuring that it is consistent with the style of previous samples."
E1,7,"<*> ddr error(s) detected and corrected on rank <*>, symbol <*> over <*> seconds","Based on the review of the provided template, here are the optimization suggestions:

1. **Symbol Errors**: The original template has no symbol errors. The use of ""error(s)"" is consistent with the example provided.

2. **Variable Recognition Errors**: The placeholders in the template are correctly identified as variables. However, the last placeholder ""over <*>"" should also include a comma for consistency with the example.

Here is the optimized template:

**Revised_template**: <*> ddr error(s) detected and corrected on rank <*>, symbol <*>, over <*> seconds

This revised template maintains consistency with the original log example while ensuring all placeholders are correctly formatted."
E95,1,"PrepareForService shutting down Node card(mLctn(<*>), mCardSernum(<*>), mLp(<*>), mIp(<*>), mType(<*>)) as part of Service Action <*>","Based on the review of the provided template, here are the observations:

1. **Symbol Errors**: There are no symbol errors in the template. The parentheses and commas are used correctly.
  
2. **Variable Recognition Errors**: All placeholders appear to be correctly identified as variables. However, the variable names in the template could be made more consistent with the example provided.

Here is the optimized template:

**Revised_template**: PrepareForService shutting down Node card(mLctn(<*>), mCardSernum(<*>), mLp(<*>), mIp(<*>), mType(<*>)) as part of Service Action <*>

This revised template maintains the original structure while ensuring that all placeholders are recognized as variables."
E78,9,"Kernel detected <*> integer alignment exceptions (<*>) iar <*>, dear <*> (<*>) iar <*>, dear <*> (<*>) iar <*>, dear <*> (<*>) iar <*>, dear <*> (<*>) iar <*>, dear <*> (<*>) iar <*>, dear <*> (<*>) iar <*>, dear <*> (<*>) iar <*>, dear <*>","EventId: E78
Occurrences: 9
Template: Kernel detected <*> integer alignment exceptions (<*>) iar <*>, dear <*>, (<*>) iar <*>, dear <*>, (<*>) iar <*>, dear <*>, (<*>) iar <*>, dear <*>, (<*>) iar <*>, dear <*>, (<*>) iar <*>, dear <*>, (<*>) iar <*>, dear <*>, (<*>) iar <*>, dear <*>
Example: Kernel detected 35591540 integer alignment exceptions (35591533) iar 0x0023f108, dear 0x1feaa260, (35591534) iar 0x00265564, dear 0x1feaa1c0, (35591535) iar 0x00265574, dear 0x1feaa1e0, (35591536) iar 0x00265578, dear 0x1feaa200, (35591537) iar 0x00265588, dear 0x1feaa220, (35591538) iar 0x0026558c, dear 0x1feaa240, (35591539) iar 0x00265594, dear 0x1feaa260, (35591540) iar 0x00265598, dear 0x1feaa280

Optimization Suggestions:
1. Correct the symbol error by ensuring consistent spacing and punctuation in the template.
2. Ensure that all placeholders are correctly recognized as variables.
3. Maintain the structure of the original log while ensuring that all instances of ""iar"" and ""dear"" are correctly paired with their respective placeholders."
E119,4,total of <*> ddr error(s) detected and corrected over <*> seconds,"Based on the review of the provided template, here are the observations and suggestions for optimization:

1. **Symbol Errors**: There are no symbol errors in the template. The use of parentheses and the placeholder format is consistent.

2. **Variable Recognition Errors**: The placeholders are correctly identified as variables. However, to maintain consistency with the previous samples, it is suggested to ensure that the number of errors is represented as a single variable instead of using ""error(s)"".

Here is the optimized template:

**Revised_template**: total of <*> ddr error detected and corrected over <*> seconds

This change ensures that the template is consistent with the previous samples and avoids the pluralization issue."
E87,1,minus normalized number..................<*>,"EventId: E87  
Original_log: minus normalized number..................0  
Event_template: minus normalized number..................<*>  
Revised_template: minus normalized number..................<*>  
Guideline: Label Error  

**Optimization Suggestions:**  
1. There is a symbol error in the template where the number of dots does not match the original log. The original log has 18 dots, while the template has 22 dots.  
2. The placeholder is correctly identified as a variable.

**Optimized Template:**  
minus normalized number..................<*>"
E66,1,fraction rounded.........................<*>,"EventId: E66
Occurrences: 1
Template: fraction rounded..........................<*>
Example: fraction rounded.........................0
Revised_template: fraction rounded..........................<*>
Guideline: Label Error"
E47,1,"critical input interrupt (unit=<*> bit=<*>): warning for tree C1 wire, suppressing further interrupts of same type","Based on the review of the provided template, here are the optimization suggestions:

1. **Symbol Errors**: The template uses the correct symbols and there are no symbol errors.
2. **Variable Recognition Errors**: The placeholders for `unit` and `bit` should be represented as `<*>` consistently. The example shows the correct format, but the template should not include the variable names (unit and bit) in the placeholder.

Revised Template:
```
EventId: E47
Occurrences: 1
Template: critical input interrupt (<*> <*>): warning for tree C1 wire, suppressing further interrupts of same type
Example: critical input interrupt (unit=0x0b bit=0x17): warning for tree C1 wire, suppressing further interrupts of same type
```

Final Optimization Template:
```
critical input interrupt (<*> <*>): warning for tree C1 wire, suppressing further interrupts of same type
```"
E114,1,size of scratchpad portion of L3.........<*> (<*>),"EventId: E114
Original_log: size of scratchpad portion of L3.........0 (0M)
Event_template: size of scratchpad portion of L3.........<*> (<*>)
Revised_template: size of scratchpad portion of L3.........<*> (<*>)
Guideline: Label Error

Optimization suggestions:
1. The number of dots in the template should match the original log.
2. Ensure that all placeholders are correctly recognized as variables.

Optimized Template:
Revised_template: size of scratchpad portion of L3.........<*> (<*>)"
E36,1,ciod: LOGIN chdir(<*>) failed: Input/output error,"Based on the review of the provided template, here are the optimization suggestions:

1. **Symbol Errors**: There are no symbol errors in the template. The use of parentheses around the placeholder is consistent with the example log.

2. **Variable Recognition Errors**: The placeholder `<*>` correctly represents a variable in the context of the log. There are no unrecognized variables in the template.

3. **Consistency with Original Log**: The template is consistent with the original log.

Considering these points, the revised template should maintain the original structure while ensuring clarity in variable representation. Here is the optimized template:

**Revised_template**: ciod: LOGIN chdir(<*>) failed: Input/output error

This template is already optimal and does not require further changes."
E6,1,<*> L3 EDRAM error(s) (dcr <*>) detected and corrected over <*> seconds,"Based on the review of the provided template, here are the observations:

1. **Symbol Errors**: There are no symbol errors in the template.
2. **Variable Recognition Errors**: All placeholders in the template are correctly recognized as variables.

However, the template can be optimized for consistency with the previous samples. The revised template should include a comma before ""detected"" for better alignment with the style observed in the previous samples.

**Revised Template**: 
`<*> L3 EDRAM error(s) (dcr <*>) detected and corrected over <*> seconds`

**Optimization Suggestions**:
- Add a comma before ""detected"" to maintain consistency with the style in previous samples.

The final optimized template remains the same as the original since it already follows the correct structure. Here it is for clarity:

**Optimized Template**: 
`<*> L3 EDRAM error(s) (dcr <*>) detected and corrected over <*> seconds`"
E27,1,"ciod: Error loading <*>: program image too big, <*> > <*>","Based on the review of the provided template, here are the observations and suggestions for optimization:

1. **Symbol Errors**: The template uses a colon (:) after ""Error loading"" which is consistent with the example. However, there is a space before the colon that should be removed for consistency.

2. **Variable Recognition Errors**: The placeholders in the template are correctly recognized as variables. However, the template could be optimized to ensure that the format is consistent with the examples provided in the previous samples.

3. **Additional Placeholders**: The template currently has three placeholders, which are appropriate for the example provided.

Here is the optimized template based on the observations:

**Revised_template**: ciod: Error loading <*>, program image too big, <*> > <*>

This revised template maintains the structure of the original log while ensuring consistency with the style of previous samples."
E65,1,fpr29=<*>,"Based on the review of the provided template, here are the optimization suggestions:

1. **Symbol Errors**: There are no symbol errors in the template.
2. **Variable Recognition Errors**: The current template only recognizes a single variable `<*>`, while the example log contains multiple values (four hexadecimal numbers). Therefore, the template should be modified to account for all four values.

### Revised Template:
```
fpr29=<*>, <*>, <*>, <*>
```

This revised template captures all four hexadecimal values present in the example log."
E86,1,Machine State Register: <*>,"EventId: E86
Original_log: Machine State Register: 0x0002f900
Event_template: Machine State Register: <*>
Revised_template: Machine State Register: <*>
Guideline: Label Error

Optimization suggestions:
1. Ensure that the placeholder accurately reflects the variable in the original log.
2. The template should be consistent with the original log format.

Revised_template: Machine State Register: <*>

This template is already correct and does not require any changes."
